{
  "city_roi_analysis": {
    "Mumbai": {
      "areas_by_roi": [
        [
          "Bandra",
          70.84838631039764,
          {
            "current_price_per_sqft": 13860.088967273612,
            "historical_growth": 0.11306922763537378,
            "infrastructure_impact": 3.667159805841689,
            "roi_projections": {
              "projected_annual_growth": 0.11306922763537378,
              "3_year_roi_percent": 37.90071841483069,
              "5_year_roi_percent": 70.84838631039764,
              "10_year_roi_percent": 191.8917110486687,
              "risk_score": 3.423719395026596
            }
          }
        ],
        [
          "Worli",
          69.94781493727453,
          {
            "current_price_per_sqft": 13993.312567479574,
            "historical_growth": 0.1118933095720365,
            "infrastructure_impact": 0.5155911463214382,
            "roi_projections": {
              "projected_annual_growth": 0.1118933095720365,
              "3_year_roi_percent": 37.46411837462973,
              "5_year_roi_percent": 69.94781493727453,
              "10_year_roi_percent": 188.82259801954115,
              "risk_score": 6.682781357305659
            }
          }
        ],
        [
          "Powai",
          61.26342395825666,
          {
            "current_price_per_sqft": 10970.478946007715,
            "historical_growth": 0.10029002386887192,
            "infrastructure_impact": 3.971731136649316,
            "roi_projections": {
              "projected_annual_growth": 0.10029002386887192,
              "3_year_roi_percent": 33.20530642440873,
              "5_year_roi_percent": 61.26342395825666,
              "10_year_roi_percent": 160.05891906740425,
              "risk_score": 3.049869760630168
            }
          }
        ],
        [
          "Juhu",
          50.09905492447753,
          {
            "current_price_per_sqft": 11290.652791937011,
            "historical_growth": 0.08461496307159053,
            "infrastructure_impact": 0.7352908503758391,
            "roi_projections": {
              "projected_annual_growth": 0.08461496307159053,
              "3_year_roi_percent": 27.5929782213711,
              "5_year_roi_percent": 50.09905492447753,
              "10_year_roi_percent": 125.29726289221324,
              "risk_score": 7.952587748638666
            }
          }
        ],
        [
          "Andheri",
          39.264948004396395,
          {
            "current_price_per_sqft": 12863.7870065331,
            "historical_growth": 0.06848483909768141,
            "infrastructure_impact": 0.9336466018111005,
            "roi_projections": {
              "projected_annual_growth": 0.06848483909768141,
              "3_year_roi_percent": 21.984624260774943,
              "5_year_roi_percent": 39.264948004396395,
              "10_year_roi_percent": 93.94725742667231,
              "risk_score": 4.934688673865266
            }
          }
        ]
      ]
    },
    "Bangalore": {
      "areas_by_roi": [
        [
          "Whitefield",
          82.75152518520225,
          {
            "current_price_per_sqft": 7914.779120630815,
            "historical_growth": 0.12816390872256636,
            "infrastructure_impact": 1.244578483032066,
            "roi_projections": {
              "projected_annual_growth": 0.12816390872256636,
              "3_year_roi_percent": 43.58749074273438,
              "5_year_roi_percent": 82.75152518520225,
              "10_year_roi_percent": 233.9811995751761,
              "risk_score": 3.432704841703738
            }
          }
        ],
        [
          "HSR Layout",
          67.69018170574222,
          {
            "current_price_per_sqft": 12211.225133030894,
            "historical_growth": 0.10892334690803757,
            "infrastructure_impact": 2.325302796063456,
            "roi_projections": {
              "projected_annual_growth": 0.10892334690803757,
              "3_year_roi_percent": 36.365522600380416,
              "5_year_roi_percent": 67.69018170574222,
              "10_year_roi_percent": 181.1999704050484,
              "risk_score": 3.7763039086395622
            }
          }
        ],
        [
          "Electronic City",
          62.27636035201154,
          {
            "current_price_per_sqft": 12597.166293028298,
            "historical_growth": 0.10166880406133813,
            "infrastructure_impact": 3.2028634752653735,
            "roi_projections": {
              "projected_annual_growth": 0.10166880406133813,
              "3_year_roi_percent": 33.706695358320516,
              "5_year_roi_percent": 62.27636035201154,
              "10_year_roi_percent": 163.33617129095904,
              "risk_score": 4.136580083180715
            }
          }
        ],
        [
          "Indiranagar",
          43.92895982962437,
          {
            "current_price_per_sqft": 13190.559572891134,
            "historical_growth": 0.0755476045578317,
            "infrastructure_impact": 3.6740738916944515,
            "roi_projections": {
              "projected_annual_growth": 0.0755476045578317,
              "3_year_roi_percent": 24.41963187988174,
              "5_year_roi_percent": 43.92895982962437,
              "10_year_roi_percent": 107.15545477637627,
              "risk_score": 7.867579188789028
            }
          }
        ],
        [
          "Koramangala",
          28.446754219379567,
          {
            "current_price_per_sqft": 10078.867018168907,
            "historical_growth": 0.051343482756561754,
            "infrastructure_impact": 3.3688589510629567,
            "roi_projections": {
              "projected_annual_growth": 0.051343482756561754,
              "3_year_roi_percent": 16.207425722188074,
              "5_year_roi_percent": 28.446754219379567,
              "10_year_roi_percent": 64.98568669493703,
              "risk_score": 5.361160204264199
            }
          }
        ]
      ]
    },
    "Hyderabad": {
      "areas_by_roi": [
        [
          "Gachibowli",
          79.70047060817865,
          {
            "current_price_per_sqft": 8687.448110436158,
            "historical_growth": 0.12437153648942872,
            "infrastructure_impact": 0.9015127277212054,
            "roi_projections": {
              "projected_annual_growth": 0.12437153648942872,
              "3_year_roi_percent": 42.14432603716239,
              "5_year_roi_percent": 79.70047060817865,
              "10_year_roi_percent": 222.9225913680087,
              "risk_score": 5.4716233799242024
            }
          }
        ],
        [
          "Banjara Hills",
          71.01096050683289,
          {
            "current_price_per_sqft": 8675.986275355106,
            "historical_growth": 0.11328097970563634,
            "infrastructure_impact": 1.77626660879992,
            "roi_projections": {
              "projected_annual_growth": 0.11328097970563634,
              "3_year_roi_percent": 37.979436748179566,
              "5_year_roi_percent": 71.01096050683289,
              "10_year_roi_percent": 192.44748613469557,
              "risk_score": 2.196859010502666
            }
          }
        ],
        [
          "Madhapur",
          66.32136128474096,
          {
            "current_price_per_sqft": 8707.078523278095,
            "historical_growth": 0.10710702409449843,
            "infrastructure_impact": 1.6899035870562011,
            "roi_projections": {
              "projected_annual_growth": 0.10710702409449843,
              "3_year_roi_percent": 35.69655387492177,
              "5_year_roi_percent": 66.32136128474096,
              "10_year_roi_percent": 176.62795219609322,
              "risk_score": 3.297235452684135
            }
          }
        ],
        [
          "Jubilee Hills",
          48.553221219848574,
          {
            "current_price_per_sqft": 5542.002796157023,